ImageName,Algorithm,BaselinePower,OptimizedPower,PowerSaved_Pct,SSIM,Runtime_Sec
kodim01t.jpg,EGDIO,0.347333404241693+1.1396871954231e-05i,0.224763323951411,35.2888835440039+0.00212333250778012i,0.949308203228533,45.9630679166667
kodim01t.jpg,PSO,0.347333404241693+1.1396871954231e-05i,0.223256700015992,35.7226523423396+0.00210909947579413i,0.948412815038964,39.6902489166667
kodim01t.jpg,ACO,0.347333404241693+1.1396871954231e-05i,0.140078929177427,59.6701822180237+0.0013233215221615i,0.780596616874578,45.4581880416667
kodim01t.jpg,CSA,0.347333404241693+1.1396871954231e-05i,0.206328455447708,40.5964261698285+0.00194917884746573i,0.926050559825948,88.9510159166667
kodim02t.jpg,EGDIO,0.309568145966742+1.11231366078417e-05i,0.210394920072536,32.035991899661+0.00244202433734169i,0.956193843519197,46.9356262083333
kodim02t.jpg,PSO,0.309568145966742+1.11231366078417e-05i,0.303015586588033,2.1166776541088+0.00351705942703717i,0.958791043006058,41.2577094166667
kodim02t.jpg,ACO,0.309568145966742+1.11231366078417e-05i,0.12676072906685,59.0523991067176+0.00147129400887484i,0.749528767533434,45.0170120833333
kodim02t.jpg,CSA,0.309568145966742+1.11231366078417e-05i,0.203956104531068,34.1159266788183+0.00236728990815254i,0.949806294452156,87.005893375
kodim03t.jpg,EGDIO,0.339206798020902+1.16425413681916e-05i,0.221185755339971,34.7932422434022+0.00223808125042369i,0.949154061858351,46.0242365
kodim03t.jpg,PSO,0.339206798020902+1.16425413681916e-05i,0.217187302377778,35.9720078167375+0.00219762266577554i,0.948290338725035,41.4205534166667
kodim03t.jpg,ACO,0.339206798020902+1.16425413681916e-05i,0.185580506655447,45.2898622552408+0.001877807419159i,0.88425959533712,46.196558625
kodim03t.jpg,CSA,0.339206798020902+1.16425413681916e-05i,0.253574123042218,25.2449761552634+0.00256580487970899i,0.946911411231594,89.9949979166667
kodim04t.jpg,EGDIO,0.34154395351334+1.06681842076806e-05i,0.221874427618251,35.0378113506504+0.0020291051500588i,0.950301709627038,46.0294167916667
kodim04t.jpg,PSO,0.34154395351334+1.06681842076806e-05i,0.220412614822328,35.4658127189838+0.00201573645360977i,0.948762679220425,40.7718780833333
kodim04t.jpg,ACO,0.34154395351334+1.06681842076806e-05i,0.118794932218784,65.2182593540648+0.00108641365908448i,0.707889005312917,45.9140469583333
kodim04t.jpg,CSA,0.34154395351334+1.06681842076806e-05i,0.225318451418558,34.0294422193808+0.00206060173353236i,0.952426911463362,90.2773851666667
kodim05t.jpg,EGDIO,0.312176879123434+1.13758875537909e-05i,0.204270472108888,34.5657909031545+0.00238445655215431i,0.949099029645167,48.0889487083333
kodim05t.jpg,PSO,0.312176879123434+1.13758875537909e-05i,0.205324156772908,34.2282628115228+0.00239675625105396i,0.949277398409454,40.6365175
kodim05t.jpg,ACO,0.312176879123434+1.13758875537909e-05i,0.223120836090359,28.5274308524776+0.0026044975274459i,0.919297843436005,46.3279798333333
kodim05t.jpg,CSA,0.312176879123434+1.13758875537909e-05i,0.216664992298915,30.595439156295+0.00252913823116941i,0.951385047096788,88.0307330416667
kodim06t.jpg,EGDIO,0.415919992716689+1.15213117923592e-05i,0.265533237680651,36.1576163380607+0.00176848437347818i,0.951112210186145,47.8140274166667
kodim06t.jpg,PSO,0.415919992716689+1.15213117923592e-05i,0.262435656723795,36.9023703793959+0.00174785409922088i,0.948540667117995,40.5378516666667
kodim06t.jpg,ACO,0.415919992716689+1.15213117923592e-05i,0.14350058770397,65.498030845657+0.000955731753795051i,0.718391893122346,46.5527514166667
kodim06t.jpg,CSA,0.415919992716689+1.15213117923592e-05i,0.287228406357323,30.9414283596188+0.00191297689396186i,0.966486317007966,88.747319375
kodim07t.jpg,EGDIO,0.347639272754105+1.10004420965049e-05i,0.228542191014986,34.2588111591748+0.00208026594771535i,0.953939127275556,47.2030690416667
kodim07t.jpg,PSO,0.347639272754105+1.10004420965049e-05i,0.222877030029912,35.8884201888222+0.00202869979516717i,0.948263782867554,40.3358702083333
kodim07t.jpg,ACO,0.347639272754105+1.10004420965049e-05i,0.187907043163223,45.9476941467471+0.00171039151017284i,0.90110681800242,45.3547570416667
kodim07t.jpg,CSA,0.347639272754105+1.10004420965049e-05i,0.234448847296821,32.5597349215776+0.00213403026962629i,0.952761049139029,88.6335149583333
kodim08t.jpg,EGDIO,0.401433211683462+1.09135451251421e-05i,0.25706662300253,35.9627914854156+0.00174094455683234i,0.94990723036589,47.1499816666667
kodim08t.jpg,PSO,0.401433211683462+1.09135451251421e-05i,0.25504876650796,36.4654545522348+0.00172727893101262i,0.94814586202633,40.803129625
kodim08t.jpg,ACO,0.401433211683462+1.09135451251421e-05i,0.239299524853014,40.388707831967+0.00162061959028154i,0.932415729428719,46.7696781666667
kodim08t.jpg,CSA,0.401433211683462+1.09135451251421e-05i,0.257306264545727,35.9030949939333+0.00174256749268977i,0.949119705589428,89.5883607083333
kodim09t.jpg,EGDIO,0.404778434953585+1.08539010523551e-05i,0.258992774880965,36.0161628362333+0.00171568981337941i,0.95442699542794,46.70001825
kodim09t.jpg,PSO,0.404778434953585+1.08539010523551e-05i,0.250267082018485,38.1718342116628+0.00165788672460323i,0.947208341367756,44.58607975
kodim09t.jpg,ACO,0.404778434953585+1.08539010523551e-05i,0.121992192201675,69.8619833519665+0.00080813359202176i,0.686178805523395,48.3197689583333
kodim09t.jpg,CSA,0.404778434953585+1.08539010523551e-05i,0.221934351235214,45.1713994839946+0.00147019740542272i,0.916676819526516,94.665512
kodim10t.jpg,EGDIO,0.38166607934931+1.09852002907045e-05i,0.240846007384045,36.8961455534285+0.00181626955529525i,0.948827922250631,47.2013122916667
kodim10t.jpg,PSO,0.38166607934931+1.09852002907045e-05i,0.239210069595156,37.3247762010153+0.00180393261007208i,0.947500053498267,43.9013880833333
kodim10t.jpg,ACO,0.38166607934931+1.09852002907045e-05i,0.109892941293805,71.207045333942+0.000828725399194674i,0.629180945193615,48.521188125
kodim10t.jpg,CSA,0.38166607934931+1.09852002907045e-05i,0.254479840128563,33.3239568075836+0.00191908510787516i,0.954653413689045,94.0108788333333
kodim11t.jpg,EGDIO,0.325834123001884+1.13912013045728e-05i,0.220146824187745,32.4359211090342+0.00236204856788613i,0.959529564632912,47.7732160416667
kodim11t.jpg,PSO,0.325834123001884+1.13912013045728e-05i,0.208756041938982,35.9318048826239+0.00223983203809032i,0.947786139615502,44.890114
kodim11t.jpg,ACO,0.325834123001884+1.13912013045728e-05i,0.180828319591468,44.502952083563+0.00194018367014925i,0.869494735603618,48.2288076666667
kodim11t.jpg,CSA,0.325834123001884+1.13912013045728e-05i,0.219227585164622,32.7180398182506+0.00235218566286298i,0.929368465854499,95.1623593333333
kodim12t.jpg,EGDIO,0.481101381947427+1.15162173250193e-05i,0.302396560067902,37.1449404966213+0.00150457378086897i,0.950427460633639,46.8393912083333
kodim12t.jpg,PSO,0.481101381947427+1.15162173250193e-05i,0.299916392190889,37.6604592560048+0.00149223370808815i,0.94867077970148,45.188109625
kodim12t.jpg,ACO,0.481101381947427+1.15162173250193e-05i,0.181984169170947,62.1734262474934+0.000905462050912045i,0.574862674993168,48.0519542916667
kodim12t.jpg,CSA,0.481101381947427+1.15162173250193e-05i,0.314853342200921,34.5557186416647+0.00156655248785932i,0.953660630648608,94.174916875
kodim13t.jpg,EGDIO,0.351509658675144+1.128411343447e-05i,0.232190794392069,33.9446901607406+0.00212049823036049i,0.954591737164102,47.5374689166667
kodim13t.jpg,PSO,0.351509658675144+1.128411343447e-05i,0.226045014194789,35.6930859840903+0.00206437147448871i,0.94853802290763,44.4976014166667
kodim13t.jpg,ACO,0.351509658675144+1.128411343447e-05i,0.141779840191111,59.6654497121423+0.00129481403865817i,0.696897681912338,48.7892685833333
kodim13t.jpg,CSA,0.351509658675144+1.128411343447e-05i,0.280576124351753,20.1796829367036+0.0025623805488372i,0.958223324855753,95.5485734583333
kodim14t.jpg,EGDIO,0.330114902071729+1.1707185652623e-05i,0.223859434940614,32.1874192124699+0.00240490346809793i,0.959648320512239,48.36027675
kodim14t.jpg,PSO,0.330114902071729+1.1707185652623e-05i,0.212294892896284,35.6906061201826+0.00228066654559899i,0.947880118081874,46.0262030416667
kodim14t.jpg,ACO,0.330114902071729+1.1707185652623e-05i,0.19776349865335,40.0925262193548+0.00212455697433879i,0.928537623504069,49.364012625
kodim14t.jpg,CSA,0.330114902071729+1.1707185652623e-05i,0.243328565750107,26.2897361140023+0.00261405873652351i,0.973482605766201,95.7581451666667
kodim15t.jpg,EGDIO,0.412366235947917+1.14215638788204e-05i,0.262413886516262,36.3638767098059+0.00176256924985304i,0.95045692989978,47.908826
kodim15t.jpg,PSO,0.412366235947917+1.14215638788204e-05i,0.259740937031986,37.0120746584283+0.00174461570848394i,0.948198771232699,45.4757037083333
kodim15t.jpg,ACO,0.412366235947917+1.14215638788204e-05i,0.216481150113534,47.5026975839018+0.00145405040651036i,0.877875130102375,48.9062416666667
kodim15t.jpg,CSA,0.412366235947917+1.14215638788204e-05i,0.276062492237694,33.0540505113572+0.00185424356277654i,0.955778635280272,94.500925
kodim16t.jpg,EGDIO,0.348605739157395+1.15465652865347e-05i,0.223724683142741,35.8230064031485+0.00212567884926586i,0.951322307415167,47.250965375
kodim16t.jpg,PSO,0.348605739157395+1.15465652865347e-05i,0.219889532604775,36.9231462181237+0.00208923987316457i,0.947446871691741,44.9756145833333
kodim16t.jpg,ACO,0.348605739157395+1.15465652865347e-05i,0.180693203438336,48.1668879930518+0.00171682317462443i,0.818476701048239,47.8875012916667
kodim16t.jpg,CSA,0.348605739157395+1.15465652865347e-05i,0.201382591455582,42.2319920144155+0.00191339958226405i,0.917371488795981,92.9061249166667
kodim17t.jpg,EGDIO,0.312418967030864+1.11971453683603e-05i,0.200768501780895,35.7374158710502+0.00230318121552221i,0.947690304679348,48.3751205416667
kodim17t.jpg,PSO,0.312418967030864+1.11971453683603e-05i,0.200330731551095,35.8775386790214+0.00229815919184296i,0.947113393663191,47.7685255
kodim17t.jpg,ACO,0.312418967030864+1.11971453683603e-05i,0.158437751272465,49.2867694382661+0.00181757023299681i,0.875349659625759,47.0151682083333
kodim17t.jpg,CSA,0.312418967030864+1.11971453683603e-05i,0.174747261999145,44.066372334745+0.00200467009381582i,0.90829837242203,95.9498520416667
kodim18t.jpg,EGDIO,0.290636429970926+9.31868295634012e-06i,0.190197362110157,34.5583201893671+0.00209825817894411i,0.949159139454169,48.4564556666667
kodim18t.jpg,PSO,0.290636429970926+9.31868295634012e-06i,0.188938154502959,34.99157888513+0.00208436659479447i,0.947724850034632,47.6398812083333
kodim18t.jpg,ACO,0.290636429970926+9.31868295634012e-06i,0.106560462539073,63.3354764094146+0.00117557551584327i,0.549481439222302,48.917425
kodim18t.jpg,CSA,0.290636429970926+9.31868295634012e-06i,0.209110839139982,28.0507130692712+0.0023069117450599i,0.965003012626131,95.0307677916667
kodim19t.jpg,EGDIO,0.3686283536214+1.08201665694177e-05i,0.237709528522126,35.5151262831338+0.00189279274903788i,0.949497571623771,47.57342525
kodim19t.jpg,PSO,0.3686283536214+1.08201665694177e-05i,0.233455387128782,36.6691724512827+0.00185891860005965i,0.947904720791072,46.9980599583333
kodim19t.jpg,ACO,0.3686283536214+1.08201665694177e-05i,0.158367306171438,57.0387615387705+0.00126102008055625i,0.8176378969658,48.6395205416667
kodim19t.jpg,CSA,0.3686283536214+1.08201665694177e-05i,0.238942524817283,35.180644064937+0.00190261064090605i,0.951368022052659,94.3377713333333
kodim20t.jpg,EGDIO,0.590277870045951+1.16623619318546e-05i,0.365860623712064,38.0189158131971+0.00122458569666346i,0.951788131608971,48.672422875
kodim20t.jpg,PSO,0.590277870045951+1.16623619318546e-05i,0.358148155121018,39.3254985226987+0.00119877100628565i,0.947999905219944,48.0936377916667
kodim20t.jpg,ACO,0.590277870045951+1.16623619318546e-05i,0.314733300107766,46.6804845723918+0.00105345553086628i,0.903388517738243,48.6530951666667
kodim20t.jpg,CSA,0.590277870045951+1.16623619318546e-05i,0.361401408752526,38.7743591703147+0.00120966009247465i,0.948962114746791,93.0647357083333
kodim21t.jpg,EGDIO,0.375325775942672+1.09946817567493e-05i,0.246950354640832,34.2037317291423+0.00192741633212602i,0.955629466339127,48.1273183333333
kodim21t.jpg,PSO,0.375325775942672+1.09946817567493e-05i,0.23885398616214,36.360889321479+0.00186422519859055i,0.948307344094011,47.2458479583333
kodim21t.jpg,ACO,0.375325775942672+1.09946817567493e-05i,0.160364408027214,57.2732761327598+0.00125162395321488i,0.805778383506201,48.5053479166667
kodim21t.jpg,CSA,0.375325775942672+1.09946817567493e-05i,0.247684600552453,34.0081027694346+0.00193314702874282i,0.953374608759612,93.8202259166667
kodim22t.jpg,EGDIO,0.35816981722466+1.14706423601713e-05i,0.237114438568258,33.798319422227+0.00212015576140415i,0.955555445591425,48.21110675
kodim22t.jpg,PSO,0.35816981722466+1.14706423601713e-05i,0.231087144728339,35.4811228143276+0.00206626278956515i,0.949557069280767,48.1397852916667
kodim22t.jpg,ACO,0.35816981722466+1.14706423601713e-05i,0.1350189400631,62.303093831067+0.00120727014939269i,0.751482721789558,48.7436686666667
kodim22t.jpg,CSA,0.35816981722466+1.14706423601713e-05i,0.241708246801088,32.5157411570582+0.00216123123976991i,0.95594968893039,92.7684092916667
kodim23t.jpg,EGDIO,0.360350830903656+1.14942001518003e-05i,0.232754722252342,35.40885657684+0.00206027977978476i,0.950312648249376,49.3612970416667
kodim23t.jpg,PSO,0.360350830903656+1.14942001518003e-05i,0.230872134003287,35.931288630741+0.00204361563451779i,0.948449803982458,48.7043965
kodim23t.jpg,ACO,0.360350830903656+1.14942001518003e-05i,0.17852715390367,50.4574047257403+0.00158027249359729i,0.850386966230166,49.335851875
kodim23t.jpg,CSA,0.360350830903656+1.14942001518003e-05i,0.219766444756105,39.0131988924805+0.00194531117575051i,0.932723796777147,90.2636685416667
kodim24t.jpg,EGDIO,0.359521593109231+1.12171334013904e-05i,0.236761661959148,34.1453569781165+0.00205467579704727i,0.949485798401534,48.450158375
kodim24t.jpg,PSO,0.359521593109231+1.12171334013904e-05i,0.229242493903087,36.2367940970151+0.00198942261166717i,0.948116085466122,48.014775
kodim24t.jpg,ACO,0.359521593109231+1.12171334013904e-05i,0.138267819699714,61.5411640871574+0.00119992206633739i,0.769657139542417,49.12196725
kodim24t.jpg,CSA,0.359521593109231+1.12171334013904e-05i,0.228572496941501,36.4231520164767+0.00198360821363636i,0.945791698392191,92.0497448333333
